First Name;Last Name;Company Name;Role In Company;Address;E-Mail;Phone Number
"Callum";"Grant";"Baptist Health South Florida";"Radiologic Technologist";"9669 mill road";"cgrant@baptisthealthsouthflorida.gripe";"61644134651";
"Sonny";"Ward";"Hyatt";"Recreation & Fitness Worker";"7996 queen street";"sward@hyatt.photography";"71689333762";
"Adam";"Shepherd";"EY";"Electrician";"5103 george street";"ashepherd@ey.schule";"70072240089";
"Robyn";"Evans";"Publix Super Markets";"Diagnostic Medical Sonographer";"9741 queens road";"revans@publixsupermarkets.watch";"34391758958";
"Lucy";"Bishop";"Capital One";"Hairdresser";"5935 the crescent";"lbishop@capitalone.fit";"22173730237";
"Brooke";"Wilson";"Autodesk";"Recreation & Fitness Worker";"6242 queensway";"bwilson@autodesk.amsterdam";"38161511570";
"Theo";"Carter";"Protiviti";"Software Developer";"1998 the crescent";"tcarter@protiviti.how";"42511947220";
"Bobby";"Smith";"David Weekley Homes";"Sales Representative";"9993 main road";"bsmith@davidweekleyhomes.sarl";"92217940185";
"George";"Gibson";"OhioHealth";"HR Manager";"2197 manor road";"ggibson@ohiohealth.equipment";"71893534399";
"Maya";"Warren";"Activision Blizzard";"Elementary School Teacher";"5222 chester road";"mwarren@activisionblizzard.institute";"88421308277";
"Elijah";"O'brien";"AT&T";"Medical Secretary";"7434 highfield road";"eo\'brien@at&t.limited";"14131158902";
"Liam";"Rose";"First American Financial Corporation";"Physical Therapist Assistant";"6787 park avenue";"lrose@firstamericanfinancialcorporation.photos";"60845241630";
"Lilly";"Brooks";"NuStar Energy";"Cost Estimator";"5379 park avenue";"lbrooks@nustarenergy.desi";"68405899717";
"Mia";"Hunt";"CarMax";"Financial Analyst";"7035 george street";"mhunt@carmax.promo";"82182247913";
"Owen";"Rose";"Scripps Health";"Advisor";"2515 park road";"orose@scrippshealth.city";"59823430804";
"Harry";"Nicholson";"Wegmans Food Markets";"Bookkeepin";"5727 high street";"hnicholson@wegmansfoodmarkets.rodeo";"56736191548";
"Sonny";"Walton";"SAP";"HR Manager";"2822 park avenue";"swalton@sap.taxi";"49899470182";
"Hollie";"Long";"Stryker";"Diagnostic Medical Sonographer";"3217 st. john's road";"hlong@stryker.care";"56329805492";
"Molly";"Lee";"American Fidelity Assurance";"Janitor";"4362 church lane";"mlee@americanfidelityassurance.es";"89636541283";
"Poppy";"Chapman";"Credit Acceptance";"Dental Assistant";"6151 alexander road";"pchapman@creditacceptance.srl";"84934400808";
